<?xml version="1.0" encoding="UTF-8"?>
<jcr:root xmlns:sling="http://sling.apache.org/jcr/sling/1.0" xmlns:granite="http://www.adobe.com/jcr/granite/1.0" xmlns:cq="http://www.day.com/jcr/cq/1.0" xmlns:jcr="http://www.jcp.org/jcr/1.0" xmlns:nt="http://www.jcp.org/jcr/nt/1.0"
    jcr:primaryType="nt:unstructured"
    jcr:title="Claim Rewards"
    sling:resourceType="cq/gui/components/authoring/dialog"
    extraClientlibs="[reveal.Dialog]">
    <content
        granite:class="cq-dialog-content-page"
        jcr:primaryType="nt:unstructured"
        sling:resourceType="granite/ui/components/coral/foundation/container">
        <items jcr:primaryType="nt:unstructured">
            <tabs
                granite:class="cq-siteadmin-admin-properties-tabs"
                jcr:primaryType="nt:unstructured"
                sling:resourceType="granite/ui/components/coral/foundation/tabs"
                size="L">
                <items jcr:primaryType="nt:unstructured">
                    <tab1
                        jcr:primaryType="nt:unstructured"
                        jcr:title="Correct Message"
                        sling:resourceType="granite/ui/components/coral/foundation/fixedcolumns">
                        <layout
                            jcr:primaryType="nt:unstructured"
                            sling:resourceType="granite/ui/components/foundation/layouts/fixedcolumns"
                            margin="{Boolean}false"/>
                        <items jcr:primaryType="nt:unstructured">
                            <column
                                jcr:primaryType="nt:unstructured"
                                sling:resourceType="granite/ui/components/coral/foundation/container">
                                <items jcr:primaryType="nt:unstructured">
                                    <image
                                        jcr:primaryType="nt:unstructured"
                                        sling:resourceType="granite/ui/components/foundation/form/pathbrowser"
                                        fieldLabel="Choose an Image"
                                        name="./correctImage"
                                        rootPath="/content/dam"
                                        value="/content/dam/CoachingAssets/Images"/>
                                    <message
                                        jcr:primaryType="nt:unstructured"
                                        sling:resourceType="granite/ui/components/foundation/form/textarea"
                                        fieldLabel="Correct Answer Message"
                                        name="./correctMessage"
                                        required="{Boolean}true"/>
                                </items>
                            </column>
                        </items>
                    </tab1>
                    <tab2
                        jcr:primaryType="nt:unstructured"
                        jcr:title="Incorrect Message"
                        sling:resourceType="granite/ui/components/coral/foundation/fixedcolumns">
                        <items jcr:primaryType="nt:unstructured">
                            <column
                                jcr:primaryType="nt:unstructured"
                                sling:resourceType="granite/ui/components/coral/foundation/container">
                                <items jcr:primaryType="nt:unstructured">
                                    <image
                                        jcr:primaryType="nt:unstructured"
                                        sling:resourceType="granite/ui/components/foundation/form/pathbrowser"
                                        fieldLabel="Choose an Image"
                                        name="./incorrectImage"
                                        rootPath="/content/dam"
                                        value="/content/dam/CoachingAssets/Images"/>
                                    <message
                                        jcr:primaryType="nt:unstructured"
                                        sling:resourceType="granite/ui/components/foundation/form/textarea"
                                        fieldLabel="Incorrect Answer Message"
                                        name="./incorrectMessage"
                                        required="{Boolean}true"/>
                                </items>
                            </column>
                        </items>
                    </tab2>
                </items>
            </tabs>
        </items>
    </content>
</jcr:root>
