<?xml version="1.0" encoding="UTF-8"?>
<jcr:root xmlns:sling="http://sling.apache.org/jcr/sling/1.0" xmlns:cq="http://www.day.com/jcr/cq/1.0" xmlns:jcr="http://www.jcp.org/jcr/1.0" xmlns:nt="http://www.jcp.org/jcr/nt/1.0" xmlns:rep="internal"
    jcr:mixinTypes="[rep:AccessControllable]"
    jcr:primaryType="cq:Page">
    <wcm jcr:primaryType="nt:unstructured">
        <foundation jcr:primaryType="nt:unstructured">
            <components jcr:primaryType="nt:unstructured">
                <responsivegrid jcr:primaryType="nt:unstructured">
                    <content-default
                        jcr:description="Policy for editable layout containers"
                        jcr:primaryType="nt:unstructured"
                        jcr:title="dgtl-content Default"
                        sling:resourceType="wcm/core/components/policy/policy"
                        components="[group:Digital content,/apps/dgtl-content/components/form/container]"
                        policyResourceType="wcm/foundation/components/responsivegrid">
                        <cq:authoring jcr:primaryType="nt:unstructured">
                            <assetToComponentMapping jcr:primaryType="nt:unstructured">
                                <image
                                    jcr:primaryType="nt:unstructured"
                                    assetGroup="media"
                                    assetMimetype="image/*"
                                    droptarget="image"
                                    resourceType="dgtl-content/components/content/image"
                                    type="Images"/>
                            </assetToComponentMapping>
                        </cq:authoring>
                        <jcr:content
                            jcr:primaryType="nt:unstructured"
                            mergeList="{Boolean}true"/>
                    </content-default>
                    <policy_34796142373223
                        jcr:lastModified="{Date}2019-07-15T22:58:26.133-04:00"
                        jcr:lastModifiedBy="admin"
                        jcr:primaryType="nt:unstructured"
                        jcr:title="Video"
                        sling:resourceType="wcm/core/components/policy/policy"
                        components="[/apps/dgtl-content/components/content/text,/apps/dgtl-content/components/content/video]">
                        <jcr:content jcr:primaryType="nt:unstructured"/>
                    </policy_34796142373223>
                    <policy_47029241005652
                        jcr:lastModified="{Date}2019-07-16T17:50:43.566+05:30"
                        jcr:lastModifiedBy="admin"
                        jcr:primaryType="nt:unstructured"
                        jcr:title="Recipe"
                        sling:resourceType="wcm/core/components/policy/policy"
                        components="/apps/dgtl-content/components/content/recipe">
                        <jcr:content jcr:primaryType="nt:unstructured"/>
                    </policy_47029241005652>
                    <policy_47612207475659
                        jcr:lastModified="{Date}2019-07-16T17:53:35.246+05:30"
                        jcr:lastModifiedBy="admin"
                        jcr:primaryType="nt:unstructured"
                        jcr:title="RevealCard"
                        sling:resourceType="wcm/core/components/policy/policy"
                        components="/apps/dgtl-content/components/content/revealcard">
                        <jcr:content jcr:primaryType="nt:unstructured"/>
                    </policy_47612207475659>
                    <policy_53467519235202
                        jcr:lastModified="{Date}2019-07-10T16:20:59.536-04:00"
                        jcr:lastModifiedBy="admin"
                        jcr:primaryType="nt:unstructured"
                        jcr:title="Quiz"
                        sling:resourceType="wcm/core/components/policy/policy"
                        components="/apps/dgtl-content/components/content/quiz">
                        <jcr:content jcr:primaryType="nt:unstructured"/>
                    </policy_53467519235202>
                    <policy_60208314378099
                        jcr:lastModified="{Date}2019-07-12T09:52:17.311-04:00"
                        jcr:lastModifiedBy="admin"
                        jcr:primaryType="nt:unstructured"
                        jcr:title="HTML"
                        sling:resourceType="wcm/core/components/policy/policy"
                        components="[/apps/dgtl-content/components/content/html]">
                        <jcr:content jcr:primaryType="nt:unstructured"/>
                    </policy_60208314378099>
                    <policy_65862979545244
                        jcr:lastModified="{Date}2019-07-11T01:43:00.860-04:00"
                        jcr:lastModifiedBy="admin"
                        jcr:primaryType="nt:unstructured"
                        jcr:title="Survey"
                        sling:resourceType="wcm/core/components/policy/policy"
                        components="/apps/dgtl-content/components/content/survey">
                        <jcr:content jcr:primaryType="nt:unstructured"/>
                    </policy_65862979545244>
                    <policy_326464957242073
                        jcr:lastModified="{Date}2019-07-16T17:53:23.330+05:30"
                        jcr:lastModifiedBy="admin"
                        jcr:primaryType="nt:unstructured"
                        jcr:title="Text Policy"
                        sling:resourceType="wcm/core/components/policy/policy"
                        components="/apps/dgtl-content/components/content/text">
                        <jcr:content jcr:primaryType="nt:unstructured"/>
                    </policy_326464957242073>
                </responsivegrid>
            </components>
        </foundation>
    </wcm>
    <dgtl-content jcr:primaryType="nt:unstructured">
        <components jcr:primaryType="nt:unstructured">
            <form jcr:primaryType="nt:unstructured">
                <container jcr:primaryType="nt:unstructured">
                    <form-container
                        jcr:primaryType="nt:unstructured"
                        jcr:title="dgtl-content Form"
                        sling:resourceType="wcm/core/components/policy/policy"
                        components="[/apps/dgtl-content/components/form/button,/apps/dgtl-content/components/form/hidden,/apps/dgtl-content/components/form/options,/apps/dgtl-content/components/form/text]">
                        <jcr:content jcr:primaryType="nt:unstructured"/>
                    </form-container>
                </container>
            </form>
        </components>
    </dgtl-content>
</jcr:root>
