<?xml version="1.0" encoding="UTF-8"?>
<jcr:root xmlns:sling="http://sling.apache.org/jcr/sling/1.0" xmlns:cq="http://www.day.com/jcr/cq/1.0" xmlns:jcr="http://www.jcp.org/jcr/1.0" xmlns:nt="http://www.jcp.org/jcr/nt/1.0"
    jcr:primaryType="nt:unstructured"
    jcr:title="Recipe Component"
    sling:resourceType="cq/gui/components/authoring/dialog"
    extraClientlibs="[recipe.Dialog]">
    <content
        jcr:primaryType="nt:unstructured"
        sling:resourceType="granite/ui/components/coral/foundation/container"
        class="cq-dialog-content-page">
        <items jcr:primaryType="nt:unstructured">
            <tabs
                jcr:primaryType="nt:unstructured"
                sling:resourceType="granite/ui/components/coral/foundation/tabs"
                maximized="{Boolean}true">
                <items jcr:primaryType="nt:unstructured">
                    <html
                        jcr:primaryType="nt:unstructured"
                        jcr:title="HTML"
                        sling:resourceType="granite/ui/components/coral/foundation/fixedcolumns"
                        margin="{Boolean}true">
                        <items jcr:primaryType="nt:unstructured">
                            <column
                                jcr:primaryType="nt:unstructured"
                                sling:resourceType="granite/ui/components/coral/foundation/container">
                                <items jcr:primaryType="nt:unstructured">
                                    <htmlcontent
                                        jcr:primaryType="nt:unstructured"
                                        sling:resourceType="cq/gui/components/authoring/dialog/richtext"
                                        fieldDescription="Please click on the text field to configure"
                                        fieldLabel="Web Html Content*"
                                        name="./webHtmlContent"
                                        required="{Boolean}true"
                                        useFixedInlineToolbar="{Boolean}true">
                                        <uiSettings jcr:primaryType="nt:unstructured">
                                            <cui jcr:primaryType="nt:unstructured">
                                                <inline
                                                    jcr:primaryType="nt:unstructured"
                                                    toolbar="[misctools#sourceedit,format#bold,format#italic,format#underline,subsuperscript#subscript,subsuperscript#superscript,edit#cut,edit#copy,edit#paste-default,edit#paste-plaintext,edit#paste-wordhtml,links#modifylink,links#unlink,findreplace#find,findreplace#replace,undo#undo,undo#redo,justify#justifyleft,justify#justifycenter,justify#justifyright,lists#unordered,lists#ordered,lists#outdent,lists#indent,table#createoredit,table#removetable,misctools#specialchars,#paraformat,#styles,spellcheck#checktext]">
                                                    <popovers jcr:primaryType="nt:unstructured">
                                                        <styles
                                                            jcr:primaryType="nt:unstructured"
                                                            items="styles:getStyles:styles-pulldown"
                                                            ref="styles"/>
                                                        <paraformat
                                                            jcr:primaryType="nt:unstructured"
                                                            items="paraformat:getFormats:paraformat-pulldown"
                                                            ref="paraformat"/>
                                                    </popovers>
                                                </inline>
                                            </cui>
                                        </uiSettings>
                                        <rtePlugins
                                            jcr:primaryType="nt:unstructured"
                                            sling:resourceSuperType="/apps/ahm/components/content/richtext/cq:dialog/content/items/column/items/richtext/rtePlugins"/>
                                    </htmlcontent>
                                </items>
                            </column>
                        </items>
                    </html>
                </items>
            </tabs>
        </items>
    </content>
</jcr:root>
