<?xml version="1.0" encoding="UTF-8"?>
<jcr:root xmlns:sling="http://sling.apache.org/jcr/sling/1.0" xmlns:cq="http://www.day.com/jcr/cq/1.0" xmlns:jcr="http://www.jcp.org/jcr/1.0" xmlns:nt="http://www.jcp.org/jcr/nt/1.0"
    jcr:primaryType="nt:unstructured"
    jcr:title="Recipe Component"
    sling:resourceType="cq/gui/components/authoring/dialog">
    <content
        jcr:primaryType="nt:unstructured"
        sling:resourceType="granite/ui/components/foundation/container"
        class="cq-dialog-content-page">
        <items jcr:primaryType="nt:unstructured">
            <tabs
                jcr:primaryType="nt:unstructured"
                sling:resourceType="granite/ui/components/foundation/container"
                rel="cq-siteadmin-admin-properties-tabs">
                <layout
                    jcr:primaryType="nt:unstructured"
                    sling:resourceType="granite/ui/components/foundation/layouts/tabs"
                    type="nav"/>
                <items jcr:primaryType="nt:unstructured">
                    <category
                        jcr:primaryType="nt:unstructured"
                        jcr:title="Category"
                        sling:resourceType="granite/ui/components/foundation/section">
                        <layout
                            jcr:primaryType="nt:unstructured"
                            sling:resourceType="granite/ui/components/foundation/layouts/fixedcolumns"
                            margin="{Boolean}false"/>
                        <items jcr:primaryType="nt:unstructured">
                            <column
                                jcr:primaryType="nt:unstructured"
                                sling:resourceType="granite/ui/components/foundation/container">
                                <items jcr:primaryType="nt:unstructured">
                                    <categories
                                        jcr:primaryType="nt:unstructured"
                                        sling:resourceType="granite/ui/components/coral/foundation/form/select"
                                        fieldLabel="Select Category"
                                        multiple="{Boolean}true"
                                        name="./categories"
                                        required="{Boolean}true"
                                        text="Main Dish">
                                        <items jcr:primaryType="nt:unstructured">
                                            <maindish
                                                jcr:primaryType="nt:unstructured"
                                                text="Main Dish"
                                                value="mainDish"/>
                                            <vegetarian
                                                jcr:primaryType="nt:unstructured"
                                                text="Vegetarian"
                                                value="vegetarian"/>
                                            <lowsodium
                                                jcr:primaryType="nt:unstructured"
                                                text="Low Sodium"
                                                value="lowsodium"/>
                                            <comfortfoods
                                                jcr:primaryType="nt:unstructured"
                                                text="Comfort Foods"
                                                value="comfortfoods"/>
                                            <delicioussalads
                                                jcr:primaryType="nt:unstructured"
                                                text="Delicious Salads"
                                                value="delicioussalads"/>
                                            <quickmeals
                                                jcr:primaryType="nt:unstructured"
                                                text="Quick Meals"
                                                value="quickmeals"/>
                                            <glutenflee
                                                jcr:primaryType="nt:unstructured"
                                                text="Gluten Flee"
                                                value="glutenflee"/>
                                            <sideandsnacks
                                                jcr:primaryType="nt:unstructured"
                                                text="Side And Snacks"
                                                value="sideandsnacks"/>
                                            <fromthesea
                                                jcr:primaryType="nt:unstructured"
                                                text="From The Sea"
                                                value="fromthesea"/>
                                            <startcooking
                                                jcr:primaryType="nt:unstructured"
                                                text="Start Cooking"
                                                value="startcooking"/>
                                        </items>
                                    </categories>
                                </items>
                            </column>
                        </items>
                    </category>
                    <html
                        jcr:primaryType="nt:unstructured"
                        jcr:title="HTML"
                        sling:resourceType="granite/ui/components/foundation/section">
                        <layout
                            jcr:primaryType="nt:unstructured"
                            sling:resourceType="granite/ui/components/foundation/layouts/fixedcolumns"
                            margin="{Boolean}false"/>
                        <items jcr:primaryType="nt:unstructured">
                            <column
                                jcr:primaryType="nt:unstructured"
                                sling:resourceType="granite/ui/components/foundation/container">
                                <items jcr:primaryType="nt:unstructured">
                                    <htmlcontent
                                        jcr:primaryType="nt:unstructured"
                                        sling:resourceType="cq/gui/components/authoring/dialog/richtext"
                                        fieldLabel="Web Html Content"
                                        name="./webHtmlContent"
                                        required="{Boolean}true"
                                        useFixedInlineToolbar="{Boolean}true">
                                        <uiSettings jcr:primaryType="nt:unstructured">
                                            <cui jcr:primaryType="nt:unstructured">
                                                <inline
                                                    jcr:primaryType="nt:unstructured"
                                                    toolbar="[format#bold,format#italic,format#underline,subsuperscript#subscript,subsuperscript#superscript,edit#cut,edit#copy,edit#paste-default,edit#paste-plaintext,edit#paste-wordhtml,links#modifylink,links#unlink,findreplace#find,findreplace#replace,undo#undo,undo#redo,justify#justifyleft,justify#justifycenter,justify#justifyright,lists#unordered,lists#ordered,lists#outdent,lists#indent,table#createoredit,table#removetable,misctools#sourceedit,misctools#specialchars,#paraformat,#styles]">
                                                    <popovers jcr:primaryType="nt:unstructured">
                                                        <styles
                                                            jcr:primaryType="nt:unstructured"
                                                            items="styles:getStyles:styles-pulldown"
                                                            ref="styles"/>
                                                        <paraformat
                                                            jcr:primaryType="nt:unstructured"
                                                            items="paraformat:getFormats:paraformat-pulldown"
                                                            ref="paraformat"/>
                                                    </popovers>
                                                </inline>
                                            </cui>
                                        </uiSettings>
                                        <rtePlugins
                                            jcr:primaryType="nt:unstructured"
                                            sling:resourceSuperType="/apps/ahm/components/content/richtext/cq:dialog/content/items/column/items/richtext/rtePlugins"/>
                                    </htmlcontent>
                                </items>
                            </column>
                        </items>
                    </html>
                </items>
            </tabs>
        </items>
    </content>
</jcr:root>
