<?xml version="1.0" encoding="UTF-8"?>
<jcr:root xmlns:sling="http://sling.apache.org/jcr/sling/1.0" xmlns:granite="http://www.adobe.com/jcr/granite/1.0" xmlns:jcr="http://www.jcp.org/jcr/1.0" xmlns:nt="http://www.jcp.org/jcr/nt/1.0"
    jcr:primaryType="sling:Folder"
    jcr:title="video">
    <jcr:content jcr:primaryType="nt:unstructured"/>
    <items jcr:primaryType="nt:unstructured">
        <tabs
            jcr:primaryType="nt:unstructured"
            sling:resourceType="granite/ui/components/coral/foundation/tabs"
            size="L">
            <items jcr:primaryType="nt:unstructured">
                <tab1
                    granite:rel="aem-assets-metadata-form-tab"
                    jcr:primaryType="nt:unstructured"
                    jcr:title="Basic"
                    sling:resourceType="granite/ui/components/coral/foundation/container"
                    listOrder="0">
                    <granite:data
                        jcr:primaryType="nt:unstructured"
                        tabid="3c48de83-b1f2-4f20-a8a0-66cf664d0013"/>
                    <items jcr:primaryType="nt:unstructured">
                        <col1
                            granite:rel="aem-assets-metadata-form-column"
                            jcr:primaryType="nt:unstructured"
                            sling:resourceType="granite/ui/components/coral/foundation/container"
                            listOrder="0"/>
                        <col2
                            granite:rel="aem-assets-metadata-form-column"
                            jcr:primaryType="nt:unstructured"
                            sling:resourceType="granite/ui/components/coral/foundation/container"
                            listOrder="1">
                            <items jcr:primaryType="nt:unstructured">
                                <video_duration
                                    jcr:primaryType="nt:unstructured"
                                    sling:resourceType="granite/ui/components/coral/foundation/form/textfield"
                                    disabled="{Boolean}true"
                                    fieldLabel="File Duration"
                                    name="./jcr:content/metadata/videoDuration">
                                    <granite:data
                                        jcr:primaryType="nt:unstructured"
                                        metaType="text"/>
                                </video_duration>
                                <video_format
                                    jcr:primaryType="nt:unstructured"
                                    sling:resourceType="granite/ui/components/coral/foundation/form/textfield"
                                    disabled="{Boolean}true"
                                    fieldLabel="File Format"
                                    name="./jcr:content/metadata/dc:format">
                                    <granite:data
                                        jcr:primaryType="nt:unstructured"
                                        metaType="text"/>
                                </video_format>
                                <video_cc
                                    jcr:primaryType="nt:unstructured"
                                    sling:resourceType="granite/ui/components/foundation/form/pathbrowser"
                                    data-title="Closed Captioning"
                                    fieldLabel="Closed Captioning"
                                    name="./jcr:content/metadata/dclosedcaption"
                                    validation="video-vtt">
                                    <granite:data
                                        jcr:primaryType="nt:unstructured"
                                        metaType="text"/>
                                </video_cc>
                            </items>
                        </col2>
                        <col3
                            granite:rel="aem-assets-metadata-form-column"
                            jcr:primaryType="nt:unstructured"
                            sling:resourceType="granite/ui/components/coral/foundation/container"
                            listOrder="2"/>
                    </items>
                </tab1>
            </items>
        </tabs>
    </items>
</jcr:root>
