<?xml version="1.0" encoding="UTF-8"?>
<jcr:root xmlns:sling="http://sling.apache.org/jcr/sling/1.0" xmlns:granite="http://www.adobe.com/jcr/granite/1.0" xmlns:cq="http://www.day.com/jcr/cq/1.0" xmlns:jcr="http://www.jcp.org/jcr/1.0" xmlns:nt="http://www.jcp.org/jcr/nt/1.0"
    jcr:primaryType="nt:unstructured"
    jcr:title="Experience Fragment"
    sling:resourceType="cq/gui/components/authoring/dialog"
    extraClientlibs="[cq.common.wcm,core.wcm.page.properties,cq.wcm.msm.properties,cq.siteadmin.admin.properties,cq.experience-fragments.properties.tabs]"
    mode="edit">
    <content
        granite:class="cq-dialog-content-page"
        jcr:primaryType="nt:unstructured"
        sling:resourceType="granite/ui/components/coral/foundation/container">
        <items jcr:primaryType="nt:unstructured">
            <tabs
                granite:class="cq-siteadmin-admin-properties-tabs"
                jcr:primaryType="nt:unstructured"
                sling:resourceType="granite/ui/components/coral/foundation/tabs"
                size="L">
                <items jcr:primaryType="nt:unstructured">
                    <basic
                        jcr:primaryType="nt:unstructured"
                        jcr:title="Basic"
                        sling:resourceType="granite/ui/components/coral/foundation/fixedcolumns">
                        <layout/>
                        <items jcr:primaryType="nt:unstructured">
                            <column
                                jcr:primaryType="nt:unstructured"
                                sling:resourceType="granite/ui/components/coral/foundation/container">
                                <items jcr:primaryType="nt:unstructured">
                                    <title
                                        jcr:primaryType="nt:unstructured"
                                        jcr:title="Title and Tags"
                                        sling:resourceType="granite/ui/components/coral/foundation/form/fieldset">
                                        <items jcr:primaryType="nt:unstructured">
                                            <title/>
                                            <pagename/>
                                            <description
                                                cq:showOnCreate="{Boolean}true"
                                                jcr:primaryType="nt:unstructured"
                                                sling:resourceType="cq/gui/components/authoring/dialog/richtext"
                                                allowBulkEdit="{Boolean}true"
                                                fieldLabel="Description"
                                                name="./jcr:description"
                                                useFixedInlineToolbar="{Boolean}true">
                                                <uiSettings jcr:primaryType="nt:unstructured">
                                                    <cui jcr:primaryType="nt:unstructured">
                                                        <dialogFullScreen
                                                            jcr:primaryType="nt:unstructured"
                                                            toolbar="[misctools#sourceedit,format#bold,format#italic,format#underline,subsuperscript#subscript,subsuperscript#superscript,edit#cut,edit#copy,edit#paste-default,edit#paste-plaintext,edit#paste-wordhtml,links#modifylink,links#unlink,links#modifylink,links#unlink,links#anchor,findreplace#replace,findreplace#find,undo#undo,undo#redo,justify#justifyleft,justify#justifycenter,justify#justifyright,lists#unordered,lists#ordered,lists#outdent,lists#indent,table#createoredit,image#imageProps,spellcheck#checktext,generichtml#generichtml,misctools#specialchars,#styles,#paraformat]">
                                                            <popovers jcr:primaryType="nt:unstructured">
                                                                <paraformat
                                                                    jcr:primaryType="nt:unstructured"
                                                                    items="paraformat:getFormats:paraformat-pulldown"
                                                                    ref="paraformat"/>
                                                                <styles
                                                                    jcr:primaryType="nt:unstructured"
                                                                    items="styles:getStyles:styles-pulldown"
                                                                    ref="styles"/>
                                                            </popovers>
                                                        </dialogFullScreen>
                                                        <tableEditOptions
                                                            jcr:primaryType="nt:unstructured"
                                                            toolbar="[table#insertcolumn-before,table#insertcolumn-after,table#removecolumn,-,table#insertrow-before,table#insertrow-after,table#removerow,-,table#mergecells-right,table#mergecells-down,table#mergecells,table#splitcell-horizontal,table#splitcell-vertical,-,table#selectrow,table#selectcolumn,-,table#ensureparagraph,-,table#modifytableandcell,table#removetable,-,undo#undo,undo#redo,-,table#exitTableEditing,-]"/>
                                                        <inline
                                                            jcr:primaryType="nt:unstructured"
                                                            toolbar="[misctools#sourceedit,format#bold,format#italic,format#underline,#justify,#lists,links#unlink,#paraformat]">
                                                            <popovers jcr:primaryType="nt:unstructured">
                                                                <justify
                                                                    jcr:primaryType="nt:unstructured"
                                                                    items="[justify#justifyleft,justify#justifycenter,justify#justifyright]"
                                                                    ref="justify"/>
                                                                <lists
                                                                    jcr:primaryType="nt:unstructured"
                                                                    items="[lists#unordered,lists#ordered,lists#outdent,lists#indent]"
                                                                    ref="lists"/>
                                                                <paraformat
                                                                    jcr:primaryType="nt:unstructured"
                                                                    items="paraformat:getFormats:paraformat-pulldown"
                                                                    ref="paraformat"/>
                                                            </popovers>
                                                        </inline>
                                                    </cui>
                                                </uiSettings>
                                                <rtePlugins jcr:primaryType="nt:unstructured">
                                                    <links jcr:primaryType="nt:unstructured">
                                                        <linkDialogConfig
                                                            jcr:primaryType="nt:unstructured"
                                                            height="{Long}316">
                                                            <linkAttributes jcr:primaryType="cq:WidgetCollection"/>
                                                        </linkDialogConfig>
                                                    </links>
                                                    <misctools
                                                        jcr:primaryType="nt:unstructured"
                                                        features="*"/>
                                                    <edit
                                                        jcr:primaryType="nt:unstructured"
                                                        features="*"/>
                                                    <findreplace
                                                        jcr:primaryType="nt:unstructured"
                                                        features="*"/>
                                                    <format
                                                        jcr:primaryType="nt:unstructured"
                                                        features="*"/>
                                                    <image
                                                        jcr:primaryType="nt:unstructured"
                                                        features="*"/>
                                                    <undo
                                                        jcr:primaryType="nt:unstructured"
                                                        features="*"/>
                                                    <table
                                                        jcr:primaryType="nt:unstructured"
                                                        features="*"/>
                                                    <subsuperscript
                                                        jcr:primaryType="nt:unstructured"
                                                        features="*"/>
                                                    <spellcheck
                                                        jcr:primaryType="nt:unstructured"
                                                        features="*"/>
                                                    <lists
                                                        jcr:primaryType="nt:unstructured"
                                                        features="*"/>
                                                    <justify
                                                        jcr:primaryType="nt:unstructured"
                                                        features="*"/>
                                                    <keys
                                                        jcr:primaryType="nt:unstructured"
                                                        features="*"/>
                                                    <paraformat
                                                        jcr:primaryType="nt:unstructured"
                                                        features="*"/>
                                                    <styles
                                                        jcr:primaryType="nt:unstructured"
                                                        features="*">
                                                        <styles jcr:primaryType="nt:unstructured">
                                                            <red
                                                                jcr:primaryType="nt:unstructured"
                                                                cssName="red"
                                                                text="Red text"/>
                                                            <bold
                                                                jcr:primaryType="nt:unstructured"
                                                                cssName="bold"
                                                                text="Bold text"/>
                                                        </styles>
                                                    </styles>
                                                </rtePlugins>
                                            </description>
                                            <tags/>
                                            <hideVariation/>
                                            <charset/>
                                        </items>
                                    </title>
                                </items>
                            </column>
                        </items>
                    </basic>
                    <advanced/>
                    <layout-information/>
                    <thumbnail/>
                    <cloudservices/>
                    <personalization/>
                    <permissions/>
                    <blueprint/>
                    <livecopy/>
                </items>
            </tabs>
        </items>
    </content>
</jcr:root>
