<?xml version="1.0" encoding="UTF-8"?>
<jcr:root xmlns:sling="http://sling.apache.org/jcr/sling/1.0" xmlns:granite="http://www.adobe.com/jcr/granite/1.0" xmlns:cq="http://www.day.com/jcr/cq/1.0" xmlns:jcr="http://www.jcp.org/jcr/1.0" xmlns:nt="http://www.jcp.org/jcr/nt/1.0"
    jcr:primaryType="nt:unstructured"
    jcr:title="Experience Fragment"
    sling:resourceType="cq/gui/components/authoring/dialog"
    mode="edit">
    <content
        jcr:primaryType="nt:unstructured"
        sling:resourceType="granite/ui/components/coral/foundation/container"
        class="cq-dialog-content-page">
        <items jcr:primaryType="nt:unstructured">
            <tabs
                jcr:primaryType="nt:unstructured"
                sling:resourceType="granite/ui/components/coral/foundation/tabs"
                size="L">
                <items jcr:primaryType="nt:unstructured">
                    <basic
                        jcr:primaryType="nt:unstructured"
                        jcr:title="Basic"
                        sling:resourceType="granite/ui/components/coral/foundation/fixedcolumns">
                        <items jcr:primaryType="nt:unstructured">
                            <column_1
                                jcr:primaryType="nt:unstructured"
                                sling:resourceType="granite/ui/components/coral/foundation/container">
                                <items jcr:primaryType="nt:unstructured">
                                    <title
                                        cq:showOnCreate="{Boolean}true"
                                        jcr:primaryType="nt:unstructured"
                                        sling:resourceType="granite/ui/components/coral/foundation/form/textfield"
                                        fieldLabel="Title"
                                        name="./jcr:title"
                                        required="{Boolean}true"/>
                                    <pagename
                                        cq:hideOnEdit="{Boolean}true"
                                        cq:showOnCreate="{Boolean}true"
                                        jcr:primaryType="nt:unstructured"
                                        sling:resourceType="granite/ui/components/coral/foundation/form/textfield"
                                        fieldLabel="Name"
                                        name="pageName"
                                        validation="foundation.jcr.name"/>
                                    <description
                                        cq:showOnCreate="{Boolean}true"
                                        jcr:primaryType="nt:unstructured"
                                        sling:resourceType="granite/ui/components/coral/foundation/form/textarea"
                                        allowBulkEdit="{Boolean}true"
                                        fieldLabel="Description"
                                        name="./jcr:description"/>
                                    <tags
                                        cq:showOnCreate="{Boolean}true"
                                        jcr:primaryType="nt:unstructured"
                                        sling:resourceType="cq/gui/components/coral/common/form/tagfield"
                                        allowBulkEdit="{Boolean}true"
                                        allowCreate="{Boolean}true"
                                        fieldLabel="Tags"
                                        multiple="true"
                                        name="./cq:tags"/>
                                    <charset
                                        jcr:primaryType="nt:unstructured"
                                        sling:resourceType="granite/ui/components/coral/foundation/form/hidden"
                                        allowBulkEdit="{Boolean}true"
                                        ignoreData="{Boolean}true"
                                        name="_charset_"
                                        value="utf-8"/>
                                    <path
                                        cq:showOnCreate="{Boolean}true"
                                        jcr:primaryType="nt:unstructured"
                                        sling:resourceType="granite/ui/components/coral/foundation/form/pathbrowser"
                                        fieldLabel="Path"
                                        name="./path"
                                        required="{Boolean}true"/>
                                </items>
                            </column_1>
                            <column_2
                                cq:showOnCreate="{Boolean}false"
                                jcr:primaryType="nt:unstructured"
                                sling:resourceType="granite/ui/components/coral/foundation/container">
                                <items jcr:primaryType="nt:unstructured">
                                    <stats
                                        jcr:primaryType="nt:unstructured"
                                        sling:resourceType="cq/experience-fragments/components/experiencefragment/stats"
                                        path="${param.item}"/>
                                </items>
                            </column_2>
                        </items>
                    </basic>
                    <cloudservices
                        cq:showOnCreate="{Boolean}false"
                        jcr:primaryType="nt:unstructured"
                        jcr:title="Cloud Services"
                        sling:resourceType="granite/ui/components/coral/foundation/fixedcolumns">
                        <items jcr:primaryType="nt:unstructured">
                            <column
                                jcr:primaryType="nt:unstructured"
                                sling:resourceType="granite/ui/components/coral/foundation/container">
                                <items jcr:primaryType="nt:unstructured">
                                    <configuration
                                        jcr:primaryType="nt:unstructured"
                                        jcr:title="Configuration"
                                        sling:resourceType="granite/ui/components/coral/foundation/form/fieldset">
                                        <items jcr:primaryType="nt:unstructured">
                                            <cqConf
                                                jcr:primaryType="nt:unstructured"
                                                sling:resourceType="cq/experience-fragments/components/xfconfigpathbrowser"
                                                emptyText="Select Configuration Path"
                                                fieldLabel="Cloud Configuration">
                                                <granite:data
                                                    jcr:primaryType="nt:unstructured"
                                                    cq-msm-lockable="cq:conf"/>
                                            </cqConf>
                                        </items>
                                    </configuration>
                                    <cloudservices
                                        jcr:primaryType="nt:unstructured"
                                        sling:resourceType="granite/ui/components/coral/foundation/include"
                                        path="wcm/foundation/components/basicpage/v1/basicpage/cq:dialog/content/items/tabs/items/cloudservices"/>
                                    <facebookspace/>
                                    <pinterestspace/>
                                </items>
                            </column>
                        </items>
                    </cloudservices>
                    <references
                        cq:showOnCreate="{Boolean}false"
                        jcr:primaryType="nt:unstructured"
                        jcr:title="References"
                        sling:resourceType="granite/ui/components/coral/foundation/fixedcolumns">
                        <items jcr:primaryType="nt:unstructured">
                            <column
                                jcr:primaryType="nt:unstructured"
                                sling:resourceType="granite/ui/components/coral/foundation/container">
                                <items jcr:primaryType="nt:unstructured">
                                    <references
                                        jcr:primaryType="nt:unstructured"
                                        sling:resourceType="cq/experience-fragments/components/experiencefragment/references"/>
                                </items>
                            </column>
                        </items>
                    </references>
                    <social_media
                        cq:showOnCreate="{Boolean}false"
                        jcr:primaryType="nt:unstructured"
                        jcr:title="Social Media Status"
                        sling:resourceType="granite/ui/components/coral/foundation/fixedcolumns">
                        <items jcr:primaryType="nt:unstructured">
                            <column
                                jcr:primaryType="nt:unstructured"
                                sling:resourceType="granite/ui/components/coral/foundation/container">
                                <items jcr:primaryType="nt:unstructured">
                                    <smstatus
                                        jcr:primaryType="nt:unstructured"
                                        sling:resourceType="cq/experience-fragments/components/experiencefragment/smstatus"/>
                                </items>
                            </column>
                        </items>
                    </social_media>
                </items>
            </tabs>
        </items>
    </content>
</jcr:root>
