<?xml version="1.0" encoding="UTF-8"?>
<jcr:root xmlns:sling="http://sling.apache.org/jcr/sling/1.0" xmlns:cq="http://www.day.com/jcr/cq/1.0" xmlns:jcr="http://www.jcp.org/jcr/1.0" xmlns:nt="http://www.jcp.org/jcr/nt/1.0"
    jcr:primaryType="cq:Page">
    <jcr:content
        cq:lastModified="{Date}2019-12-10T22:38:49.722+05:30"
        cq:lastModifiedBy="admin"
        cq:tags="[workflow:dam,workflow:wcm]"
        cq:template="/libs/cq/workflow/templates/model"
        cq:workflowDetailsPage="/mnt/overlay/dam/gui/content/s7dam/jobmonitoring/encodingjobdetails.html${item}?item=${payload}"
        jcr:description="This workflow manages the update of assets"
        jcr:primaryType="cq:PageContent"
        jcr:title="DAM Update Asset"
        sling:resourceType="cq/workflow/components/pages/model"
        transient="true">
        <flow
            jcr:primaryType="nt:unstructured"
            sling:resourceType="foundation/components/parsys">
            <process/>
            <metadataprocessorpro/>
            <process2/>
            <commandlineprocess/>
            <process3/>
            <inddmediaextractproc/>
            <process6/>
            <createpdfpreviewproc/>
            <dmimageprocess/>
            <scene7upload/>
            <thumbnailprocess
                jcr:created="{Date}2014-07-15T00:55:55.869+05:30"
                jcr:createdBy="admin"
                jcr:description="This process will create one or more thumbnails for the asset, create web enabled rendition and update folder thumbnail."
                jcr:lastModified="{Date}2019-12-10T22:38:49.701+05:30"
                jcr:lastModifiedBy="admin"
                jcr:primaryType="nt:unstructured"
                jcr:title="Process Thumbnails"
                sling:resourceType="dam/components/workflow/thumbnailprocess"
                PROCESS="ahm.content.service.core.workflows.ThumbnailProcess"
                PROCESS_AUTO_ADVANCE="true">
                <metaData
                    jcr:primaryType="nt:unstructured"
                    CONFIGS="[140:100:false,48:48:false,319:319:false]"
                    CREATE_FPO_MIMETYPES="[image/pjpeg,image/jpeg,image/jpg,image/gif,image/x-png,image/tiff,image/png,application/x-photoshop,application/photoshop,image/vnd.adobe.photoshop,application/vnd.adobe.photoshop,image/bmp,image/x-tiff]"
                    FPO_QUALITY="10"
                    HEIGHT="1280"
                    MIME_TYPE="image/jpeg"
                    MIMETYPE="image/jpeg"
                    PROCESS="ahm.content.service.core.workflows.ThumbnailProcess"
                    PROCESS_AUTO_ADVANCE="true"
                    QUALITY="90"
                    SKIP="[audio/mpeg,video/(.*)]"
                    WIDTH="1280"/>
            </thumbnailprocess>
            <deleteimagepreviewpr/>
            <productassetuploadprocess/>
            <damupdateassetworkflowcompletedprocess/>
            <sendtransientworkflowcompletedemailprocess/>
        </flow>
    </jcr:content>
</jcr:root>
