<?xml version="1.0" encoding="UTF-8"?>
<jcr:root xmlns:sling="http://sling.apache.org/jcr/sling/1.0" xmlns:granite="http://www.adobe.com/jcr/granite/1.0" xmlns:cq="http://www.day.com/jcr/cq/1.0" xmlns:jcr="http://www.jcp.org/jcr/1.0" xmlns:nt="http://www.jcp.org/jcr/nt/1.0"
    jcr:primaryType="cq:Page">
    <createlaunchwizard/>
    <createlivecopywizard/>
    <createpagewizard/>
    <createxfwizard/>
    <previewvariation/>
    <publishxfwizard/>
    <jcr:content
        jcr:mixinTypes="[sling:VanityPath]"
        jcr:primaryType="nt:unstructured"
        jcr:title="AEM Experience Fragments"
        sling:resourceType="granite/ui/components/shell/collectionpage"
        sling:vanityOrder="{Long}301"
        sling:vanityPath="/aem/experience-fragments"
        consoleId="cq-experience-fragments"
        currentView="${state[&quot;products.shell.collectionpage.layoutId&quot;].string}"
        modeGroup="cq-experience-fragments-admin-childpages"
        omnisearchLocationPath="/libs/granite/omnisearch/content/metadata/experiencefragments"
        pageURITemplate="/aem/experience-fragments.html{+id}"
        targetCollection=".cq-experience-fragments-admin-childpages">
        <redirector/>
        <head/>
        <views jcr:primaryType="nt:unstructured">
            <list
                granite:rel="cq-experience-fragments-admin-childpages"
                jcr:primaryType="nt:unstructured"
                jcr:title="List View"
                sling:resourceType="granite/ui/components/coral/foundation/table"
                icon="viewList"
                layoutId="list"
                limit="{Long}40"
                metaResourceType="cq/experience-fragments/components/admin/meta/experiencefragments"
                modeGroup="cq-experience-fragments-admin-childpages"
                path="${requestPathInfo.suffix}"
                rootPath="/content/experience-fragments"
                rowReorderAction="/bin/wcmcommand?cmd=movePage&amp;srcPath={item}&amp;destPath={item}&amp;before={before}&amp;_charset_=utf-8&amp;"
                selectionMode="row"
                size="${empty requestPathInfo.selectors[1] ? &quot;40&quot; : requestPathInfo.selectors[1]}"
                sortMode="remote"
                src="/mnt/overlay/cq/experience-fragments/content/experience-fragments/jcr:content/views/list{.offset,limit}.html{+id}{?sortName,sortDir}"
                stateId="xf.shell.collectionpage">
                <columns/>
                <datasource
                    jcr:primaryType="nt:unstructured"
                    sling:resourceType="cq/gui/components/common/wcm/datasources/childpages"
                    itemResourceType="cq/experience-fragments/components/experiencefragment/row"
                    limit="${empty requestPathInfo.selectors[1] ? &quot;41&quot; : requestPathInfo.selectors[1] + 1}"
                    offset="${requestPathInfo.selectors[0]}"
                    path="${requestPathInfo.suffix}"
                    sortDir="asc"
                    sortName="modified"/>
            </list>
            <column/>
            <card/>
        </views>
        <breadcrumbs/>
        <actions/>
        <rails/>
    </jcr:content>
    <pagecolumnpreview/>
</jcr:root>
