<?xml version="1.0" encoding="UTF-8"?>
<jcr:root xmlns:sling="http://sling.apache.org/jcr/sling/1.0" xmlns:granite="http://www.adobe.com/jcr/granite/1.0" xmlns:cq="http://www.day.com/jcr/cq/1.0" xmlns:jcr="http://www.jcp.org/jcr/1.0" xmlns:nt="http://www.jcp.org/jcr/nt/1.0"
    jcr:primaryType="nt:unstructured"
    jcr:title="Experience Fragment options"
    sling:resourceType="cq/gui/components/authoring/dialog"
    extraClientlibs="[cq.xf.editor.picker.validator]">
    <content
        jcr:primaryType="nt:unstructured"
        sling:resourceType="granite/ui/components/coral/foundation/fixedcolumns">
        <items jcr:primaryType="nt:unstructured">
            <column
                jcr:primaryType="nt:unstructured"
                sling:resourceType="granite/ui/components/coral/foundation/container">
                <items jcr:primaryType="nt:unstructured">
                    <fragmentpath
                        granite:id="xfPicker"
                        jcr:primaryType="nt:unstructured"
                        sling:resourceType="cq/experience-fragments/editor/components/xffield"
                        fieldDescription="Choose the variant to be displayed by this experience fragment"
                        fieldLabel="Variation"
                        filter="folderOrVariant"
                        name="./fragmentPath"
                        propertyFilter="cq:xfShowInEditor"
                        variant="web"/>
                    <isgoal
                        jcr:primaryType="nt:unstructured"
                        sling:resourceType="granite/ui/components/foundation/form/checkbox"
                        class="isGoal"
                        name="./isGoal"
                        text="Select this for Goal Page"
                        value="true"/>
                    <column
                        jcr:primaryType="nt:unstructured"
                        sling:resourceType="granite/ui/components/coral/foundation/container"
                        class="activity">
                        <items jcr:primaryType="nt:unstructured">
                            <makeup
                                jcr:primaryType="nt:unstructured"
                                sling:resourceType="granite/ui/components/foundation/form/radio"
                                class="activity"
                                name="./typeOfActivity"
                                text="Make Up"
                                value="makeUp"/>
                            <post
                                jcr:primaryType="nt:unstructured"
                                sling:resourceType="granite/ui/components/foundation/form/radio"
                                class="activity"
                                name="./typeOfActivity"
                                text="Post"
                                value="post"/>
                            <pre
                                jcr:primaryType="nt:unstructured"
                                sling:resourceType="granite/ui/components/foundation/form/radio"
                                class="activity"
                                name="./typeOfActivity"
                                text="Pre"
                                value="pre"/>
                        </items>
                    </column>
                </items>
            </column>
        </items>
    </content>
</jcr:root>
