<?xml version="1.0" encoding="UTF-8"?>
<jcr:root xmlns:sling="http://sling.apache.org/jcr/sling/1.0" xmlns:granite="http://www.adobe.com/jcr/granite/1.0" xmlns:cq="http://www.day.com/jcr/cq/1.0" xmlns:jcr="http://www.jcp.org/jcr/1.0" xmlns:nt="http://www.jcp.org/jcr/nt/1.0"
    jcr:primaryType="cq:Page">
    <jcr:content
        jcr:primaryType="nt:unstructured"
        jcr:title="AEM Sites - Create Page"
        sling:resourceType="cq/gui/components/siteadmin/admin/createpagewizard/page">
        <head jcr:primaryType="nt:unstructured">
            <viewport
                jcr:primaryType="nt:unstructured"
                sling:resourceType="granite/ui/components/coral/foundation/admin/page/viewport"/>
            <favicon
                jcr:primaryType="nt:unstructured"
                sling:resourceType="granite/ui/components/coral/foundation/page/favicon"/>
            <clientlibs
                jcr:primaryType="nt:unstructured"
                sling:resourceType="granite/ui/components/coral/foundation/includeclientlibs"
                categories="[coralui2,granite.ui.coral2.foundation,granite.ui.coral.foundation.addon.coral2,cq.sites.validations]"/>
        </head>
        <body
            jcr:primaryType="nt:unstructured"
            sling:resourceType="granite/ui/components/coral/foundation/page/body">
            <items jcr:primaryType="nt:unstructured">
                <form
                    granite:class="cq-siteadmin-admin-createpage"
                    granite:comment="We set &quot;novalidate&quot; = true as the wizard is doing validation already, to avoid double validation"
                    jcr:primaryType="nt:unstructured"
                    sling:resourceType="granite/ui/components/coral/foundation/form"
                    action="/libs/wcm/core/content/sites/createpagewizard/jcr:content"
                    foundationForm="{Boolean}true"
                    maximized="{Boolean}true"
                    method="post"
                    novalidate="{Boolean}true"
                    style="vertical">
                    <successresponse
                        jcr:primaryType="nt:unstructured"
                        jcr:title="Success"
                        sling:resourceType="granite/ui/components/coral/foundation/form/responses/openprompt"
                        open="/bin/wcmcommand?cmd=open&amp;_charset_=utf-8&amp;path={Path}"
                        redirect="/sites.html${granite:encodeURIPath(requestPathInfo.suffix)}"
                        text="Your page has been created."/>
                    <items jcr:primaryType="nt:unstructured">
                        <charset
                            jcr:primaryType="nt:unstructured"
                            sling:resourceType="granite/ui/components/coral/foundation/form/hidden"
                            name="_charset_"
                            value="utf-8"/>
                        <parentPath
                            jcr:primaryType="nt:unstructured"
                            sling:resourceType="granite/ui/components/coral/foundation/form/hidden"
                            name="parentPath"
                            value="${requestPathInfo.suffix}"/>
                        <wizard
                            jcr:primaryType="nt:unstructured"
                            jcr:title="Create Page"
                            sling:resourceType="granite/ui/components/coral/foundation/wizard"
                            cancelHref="${empty header.Referer ? granite:concat(&quot;/sites.html&quot;, granite:encodeURIPath(requestPathInfo.suffix)) : header.Referer}">
                            <items jcr:primaryType="nt:unstructured">
                                <template
                                    jcr:primaryType="nt:unstructured"
                                    jcr:title="Template"
                                    sling:resourceType="granite/ui/components/coral/foundation/container">
                                    <items jcr:primaryType="nt:unstructured">
                                        <template
                                            jcr:primaryType="nt:unstructured"
                                            sling:resourceType="granite/ui/components/coral/foundation/form/advancedselect"
                                            name="template"
                                            required="{Boolean}true">
                                            <field
                                                jcr:primaryType="nt:unstructured"
                                                sling:resourceType="granite/ui/components/coral/foundation/masonry"
                                                selectionCount="single"
                                                selectionMode="{Boolean}true">
                                                <datasource
                                                    jcr:primaryType="nt:unstructured"
                                                    sling:resourceType="cq/gui/components/siteadmin/admin/templatedatasource"
                                                    excludes="/conf/we-retail/settings/wcm/templates/experience-fragment-web-variation"
                                                    itemResourceType="cq/gui/components/siteadmin/admin/createpagewizard/templatecard"
                                                    path="${requestPathInfo.suffix}"/>
                                            </field>
                                        </template>
                                    </items>
                                    <parentConfig jcr:primaryType="nt:unstructured">
                                        <next
                                            granite:class="foundation-wizard-control"
                                            jcr:primaryType="nt:unstructured"
                                            sling:resourceType="granite/ui/components/coral/foundation/button"
                                            disabled="{Boolean}true"
                                            text="Next"
                                            variant="primary">
                                            <granite:data
                                                jcr:primaryType="nt:unstructured"
                                                foundation-wizard-control-action="next"/>
                                        </next>
                                    </parentConfig>
                                </template>
                                <properties
                                    jcr:primaryType="nt:unstructured"
                                    jcr:title="Properties"
                                    sling:resourceType="granite/ui/components/coral/foundation/wizard/lazycontainer"
                                    src="/mnt/overlay/wcm/core/content/sites/createpagewizard/properties.html{+template}">
                                    <parentConfig jcr:primaryType="nt:unstructured">
                                        <next
                                            granite:class="foundation-wizard-control"
                                            jcr:primaryType="nt:unstructured"
                                            sling:resourceType="granite/ui/components/coral/foundation/button"
                                            disabled="{Boolean}true"
                                            text="Create"
                                            type="submit"
                                            variant="primary">
                                            <granite:data
                                                jcr:primaryType="nt:unstructured"
                                                foundation-wizard-control-action="next"/>
                                        </next>
                                    </parentConfig>
                                </properties>
                            </items>
                        </wizard>
                    </items>
                </form>
            </items>
        </body>
    </jcr:content>
    <properties
        jcr:primaryType="nt:unstructured"
        sling:resourceType="cq/gui/components/siteadmin/admin/createpagewizard/properties"
        template="${requestPathInfo.suffix}"/>
</jcr:root>
