<?xml version="1.0" encoding="UTF-8"?>
<jcr:root xmlns:sling="http://sling.apache.org/jcr/sling/1.0" xmlns:granite="http://www.adobe.com/jcr/granite/1.0" xmlns:cq="http://www.day.com/jcr/cq/1.0" xmlns:jcr="http://www.jcp.org/jcr/1.0" xmlns:nt="http://www.jcp.org/jcr/nt/1.0"
    jcr:primaryType="nt:unstructured"
    jcr:title="dialog"
    sling:resourceType="cq/gui/components/authoring/dialog">
    <content
        jcr:primaryType="nt:unstructured"
        sling:resourceType="granite/ui/components/foundation/container">
        <layout
            jcr:primaryType="nt:unstructured"
            sling:resourceType="granite/ui/components/foundation/layouts/tabs"
            type="nav"/>
        <items jcr:primaryType="nt:unstructured">
            <configuration
                jcr:primaryType="nt:unstructured"
                jcr:title="Video Component Config"
                sling:resourceType="granite/ui/components/foundation/container">
                <layout
                    jcr:primaryType="nt:unstructured"
                    sling:resourceType="granite/ui/components/foundation/layouts/fixedcolumns"/>
                <items jcr:primaryType="nt:unstructured">
                    <columns
                        jcr:primaryType="nt:unstructured"
                        sling:resourceType="granite/ui/components/foundation/container">
                        <items jcr:primaryType="nt:unstructured">
                            <name
                                jcr:primaryType="nt:unstructured"
                                sling:resourceType="granite/ui/components/foundation/form/textfield"
                                fieldLabel="Name"
                                name="./name"/>
                            <widgettoggle
                                jcr:primaryType="nt:unstructured"
                                sling:resourceType="granite/ui/components/foundation/form/select"
                                fieldLabel="Toggle Status"
                                name="./widgetToggle">
                                <items jcr:primaryType="nt:unstructured">
                                    <expansionoff
                                        jcr:primaryType="nt:unstructured"
                                        text="Expansion Off"
                                        value="expansionoff"/>
                                    <expansionon
                                        jcr:primaryType="nt:unstructured"
                                        text="Expansion On Expanded"
                                        value="expansiononExpanded"/>
                                    <expansiononcollapsed
                                        jcr:primaryType="nt:unstructured"
                                        text="Expansion On Collapsed"
                                        value="expansiononcollapsed"/>
                                </items>
                            </widgettoggle>
                            <videotype
                                jcr:primaryType="nt:unstructured"
                                sling:resourceType="granite/ui/components/foundation/form/select"
                                class="cq-dialog-dropdown-showhide"
                                cq-dialog-dropdown-showhide-target="videotype"
                                fieldLabel="Video Type"
                                name="./videotype">
                                <items jcr:primaryType="nt:unstructured">
                                    <emmi
                                        jcr:primaryType="nt:unstructured"
                                        text="Emmi"
                                        value="emmi"/>
                                    <upload
                                        jcr:primaryType="nt:unstructured"
                                        text="Upload"
                                        value="upload"/>
                                    <biweekly
                                        jcr:primaryType="nt:unstructured"
                                        text="Bi-Weekly"
                                        value="biweekly"/>
                                </items>
                                <granite:data
                                    jcr:primaryType="nt:unstructured"
                                    cq-dialog-dropdown-showhide-target=".videotype"/>
                            </videotype>
                            <videofilename
                                jcr:primaryType="nt:unstructured"
                                sling:resourceType="granite/ui/components/foundation/form/textfield"
                                fieldLabel="Video File Name"
                                name="./videofilename"
                                showhidetargetvalue="upload"/>
                            <videoid
                                jcr:primaryType="nt:unstructured"
                                sling:resourceType="granite/ui/components/foundation/form/textfield"
                                fieldLabel="Video Id"
                                name="./videoid"
                                showhidetargetvalue="emmi"/>
                            <videomp4
                                jcr:primaryType="nt:unstructured"
                                sling:resourceType="granite/ui/components/foundation/form/pathbrowser"
                                fieldDescription="MP4 format Only"
                                name="./videomp4"
                                showhidetargetvalue="upload"/>
                            <videopath
                                jcr:primaryType="nt:unstructured"
                                sling:resourceType="granite/ui/components/foundation/form/pathbrowser"
                                fieldDescription="Video CC format only"
                                fieldLabel="Video CC"
                                name="./videoPath"
                                showhidetargetvalue="upload"/>
                            <videopdf
                                jcr:primaryType="nt:unstructured"
                                sling:resourceType="granite/ui/components/foundation/form/pathbrowser"
                                fieldDescription="PDF format Only"
                                fieldLabel="Video PDF"
                                name="./videoPdf"
                                showhidetargetvalue="upload"/>
                            <title
                                jcr:primaryType="nt:unstructured"
                                sling:resourceType="granite/ui/components/foundation/form/textfield"
                                fieldLabel="Title"
                                name="./title"/>
                            <description
                                jcr:primaryType="nt:unstructured"
                                sling:resourceType="granite/ui/components/foundation/form/textfield"
                                fieldLabel="Description"
                                name="./description"/>
                        </items>
                    </columns>
                </items>
            </configuration>
        </items>
    </content>
</jcr:root>
