<?xml version="1.0" encoding="UTF-8"?>
<jcr:root xmlns:sling="http://sling.apache.org/jcr/sling/1.0" xmlns:granite="http://www.adobe.com/jcr/granite/1.0" xmlns:cq="http://www.day.com/jcr/cq/1.0" xmlns:jcr="http://www.jcp.org/jcr/1.0" xmlns:nt="http://www.jcp.org/jcr/nt/1.0"
    jcr:primaryType="cq:Page">
    <jcr:content
        jcr:primaryType="nt:unstructured"
        jcr:title="Create experience fragment"
        sling:resourceType="cq/experience-fragments/components/admin/createxfwizard/page">
        <head jcr:primaryType="nt:unstructured">
            <viewport
                jcr:primaryType="nt:unstructured"
                sling:resourceType="granite/ui/components/coral/foundation/admin/page/viewport"/>
            <meta
                jcr:primaryType="nt:unstructured"
                sling:resourceType="granite/ui/components/coral/foundation/meta"
                content="chrome=1"
                name="X-UA-Compatible"/>
            <favicon
                jcr:primaryType="nt:unstructured"
                sling:resourceType="granite/ui/components/coral/foundation/page/favicon"/>
            <clientlibs
                jcr:primaryType="nt:unstructured"
                sling:resourceType="granite/ui/components/coral/foundation/includeclientlibs"
                categories="[coralui3,granite.ui.coral.foundation,cq.experience-fragments.admin.createxf]"/>
        </head>
        <body
            granite:id="cq-personalization-createpage"
            jcr:primaryType="nt:unstructured"
            sling:resourceType="granite/ui/components/coral/foundation/page/body">
            <items jcr:primaryType="nt:unstructured">
                <form
                    granite:class="form"
                    granite:id="createxf"
                    jcr:primaryType="nt:unstructured"
                    sling:resourceType="granite/ui/components/coral/foundation/form"
                    action="/libs/cq/experience-fragments/content/experience-fragments/createxfwizard/jcr:content"
                    foundationForm="{Boolean}true"
                    maximized="{Boolean}true"
                    method="post"
                    novalidate="{Boolean}true"
                    style="vertical">
                    <successresponse
                        jcr:primaryType="nt:unstructured"
                        jcr:title="Success"
                        sling:resourceType="granite/ui/components/coral/foundation/form/responses/openprompt"
                        open="/editor.html{Path}.html"
                        redirect="/aem/experience-fragments.html${granite:encodeURIPath(requestPathInfo.suffix)}"
                        text="Your experience fragment has been created."/>
                    <items jcr:primaryType="nt:unstructured">
                        <charset
                            jcr:primaryType="nt:unstructured"
                            sling:resourceType="granite/ui/components/coral/foundation/form/hidden"
                            ignoreData="{Boolean}true"
                            name="_charset_"
                            value="utf-8"/>
                        <parentpath
                            jcr:primaryType="nt:unstructured"
                            sling:resourceType="granite/ui/components/coral/foundation/form/hidden"
                            ignoreData="{Boolean}true"
                            name="parentPath"
                            value="${empty requestPathInfo.suffix ? &quot;/content&quot; : requestPathInfo.suffix}"/>
                        <wizard
                            jcr:primaryType="nt:unstructured"
                            jcr:title="Create Experience Fragment"
                            sling:resourceType="granite/ui/components/coral/foundation/wizard"
                            cancelHref="${empty header.Referer ? granite:concat('/aem/experience-fragments.html', granite:encodeURIPath(requestPathInfo.suffix)) : header.Referer}">
                            <items jcr:primaryType="nt:unstructured">
                                <properties
                                    granite:class="properties"
                                    jcr:primaryType="nt:unstructured"
                                    jcr:title="Properties"
                                    sling:resourceType="granite/ui/components/coral/foundation/container"
                                    maximized="{Boolean}true">
                                    <items jcr:primaryType="nt:unstructured">
                                        <properties
                                            jcr:primaryType="nt:unstructured"
                                            sling:resourceType="granite/ui/components/coral/foundation/fixedcolumns"
                                            maximized="{Boolean}true">
                                            <items jcr:primaryType="nt:unstructured">
                                                <basic
                                                    granite:class="properties"
                                                    jcr:primaryType="nt:unstructured"
                                                    sling:resourceType="granite/ui/components/coral/foundation/container">
                                                    <items jcr:primaryType="nt:unstructured">
                                                        <title
                                                            jcr:primaryType="nt:unstructured"
                                                            sling:resourceType="granite/ui/components/coral/foundation/form/fieldset">
                                                            <items jcr:primaryType="nt:unstructured">
                                                                <title
                                                                    granite:id="page-title"
                                                                    jcr:primaryType="nt:unstructured"
                                                                    sling:resourceType="granite/ui/components/coral/foundation/form/textfield"
                                                                    fieldLabel="Title"
                                                                    name="pageTitle"
                                                                    required="{Boolean}true"/>
                                                                <description
                                                                    jcr:primaryType="nt:unstructured"
                                                                    sling:resourceType="granite/ui/components/coral/foundation/form/textarea"
                                                                    fieldLabel="Description"
                                                                    name="./jcr:description"/>
                                                                <name
                                                                    granite:id="page-name"
                                                                    jcr:primaryType="nt:unstructured"
                                                                    sling:resourceType="granite/ui/components/coral/foundation/form/textfield"
                                                                    fieldLabel="Name"
                                                                    name="pageName"
                                                                    required="{Boolean}true"
                                                                    validation="foundation.jcr.name"/>
                                                                <tags
                                                                    cq:showOnCreate="{Boolean}true"
                                                                    jcr:primaryType="nt:unstructured"
                                                                    sling:resourceType="cq/gui/components/coral/common/form/tagfield"
                                                                    allowBulkEdit="{Boolean}true"
                                                                    allowCreate="{Boolean}true"
                                                                    fieldLabel="Tags"
                                                                    multiple="true"
                                                                    name="./cq:tags"/>
                                                            </items>
                                                        </title>
                                                    </items>
                                                </basic>
                                            </items>
                                        </properties>
                                    </items>
                                    <parentConfig
                                        jcr:primaryType="nt:unstructured"
                                        validation="{Boolean}true">
                                        <next
                                            granite:class="foundation-wizard-control"
                                            granite:id="createxfwizard-next"
                                            jcr:primaryType="nt:unstructured"
                                            sling:resourceType="granite/ui/components/coral/foundation/button"
                                            disabled="{Boolean}true"
                                            text="Next"
                                            variant="primary">
                                            <granite:data
                                                jcr:primaryType="nt:unstructured"
                                                foundation-wizard-control-action="next"/>
                                        </next>
                                    </parentConfig>
                                </properties>
                                <templates
                                    jcr:primaryType="nt:unstructured"
                                    jcr:title="First variant"
                                    sling:resourceType="granite/ui/components/coral/foundation/container"
                                    maximized="{Boolean}true">
                                    <items jcr:primaryType="nt:unstructured">
                                        <template
                                            granite:id="page-template"
                                            jcr:primaryType="nt:unstructured"
                                            sling:resourceType="granite/ui/components/coral/foundation/form/advancedselect"
                                            name="variantTemplate"
                                            required="{Boolean}true">
                                            <field
                                                jcr:primaryType="nt:unstructured"
                                                sling:resourceType="granite/ui/components/coral/foundation/masonry"
                                                selectionCount="single"
                                                selectionMode="{Boolean}true">
                                                <datasource
                                                    jcr:primaryType="nt:unstructured"
                                                    sling:resourceType="cq/experience-fragments/components/admin/templatedatasource"
                                                    excludes="/libs/cq/experience-fragments(/.*)?"
                                                    itemResourceType="cq/gui/components/siteadmin/admin/createpagewizard/templatecard"
                                                    path="${requestPathInfo.suffix}"/>
                                            </field>
                                        </template>
                                        <properties
                                            jcr:primaryType="nt:unstructured"
                                            sling:resourceType="granite/ui/components/coral/foundation/fixedcolumns">
                                            <items jcr:primaryType="nt:unstructured">
                                                <title
                                                    granite:class="properties"
                                                    jcr:primaryType="nt:unstructured"
                                                    sling:resourceType="granite/ui/components/coral/foundation/container">
                                                    <items jcr:primaryType="nt:unstructured">
                                                        <variant-name
                                                            granite:id="variant-name"
                                                            jcr:primaryType="nt:unstructured"
                                                            sling:resourceType="granite/ui/components/coral/foundation/form/textfield"
                                                            fieldDescription="The name of the first variation"
                                                            fieldLabel="Name"
                                                            name="variantName"
                                                            required="{Boolean}true"
                                                            validation="foundation.jcr.name"/>
                                                        <variant-title
                                                            granite:id="variant-title"
                                                            jcr:primaryType="nt:unstructured"
                                                            sling:resourceType="granite/ui/components/coral/foundation/form/textfield"
                                                            fieldDescription="The first variant of this experience fragment will be created automatically"
                                                            fieldLabel="Title"
                                                            name="variantTitle"
                                                            required="{Boolean}true"/>
                                                        <tags
                                                            cq:showOnCreate="{Boolean}true"
                                                            granite:id="variant-tags"
                                                            jcr:primaryType="nt:unstructured"
                                                            sling:resourceType="cq/gui/components/coral/common/form/tagfield"
                                                            allowBulkEdit="{Boolean}true"
                                                            allowCreate="{Boolean}true"
                                                            fieldLabel="Tags"
                                                            multiple="true"
                                                            name="variantTags"/>
                                                    </items>
                                                </title>
                                            </items>
                                        </properties>
                                    </items>
                                    <parentConfig
                                        jcr:primaryType="nt:unstructured"
                                        validation="{Boolean}true">
                                        <prev
                                            granite:class="foundation-wizard-control"
                                            granite:id="createxfwizard-back"
                                            jcr:primaryType="nt:unstructured"
                                            sling:resourceType="granite/ui/components/coral/foundation/button"
                                            text="Back">
                                            <granite:data
                                                jcr:primaryType="nt:unstructured"
                                                foundation-wizard-control-action="prev"/>
                                        </prev>
                                        <next
                                            granite:class="foundation-wizard-control"
                                            jcr:primaryType="nt:unstructured"
                                            sling:resourceType="granite/ui/components/coral/foundation/button"
                                            disabled="{Boolean}true"
                                            text="Create"
                                            type="submit"
                                            variant="primary">
                                            <granite:data
                                                jcr:primaryType="nt:unstructured"
                                                foundation-wizard-control-action="next"/>
                                        </next>
                                    </parentConfig>
                                </templates>
                            </items>
                        </wizard>
                    </items>
                </form>
            </items>
        </body>
    </jcr:content>
</jcr:root>
