<?xml version="1.0" encoding="UTF-8"?>
<jcr:root xmlns:sling="http://sling.apache.org/jcr/sling/1.0" xmlns:cq="http://www.day.com/jcr/cq/1.0" xmlns:jcr="http://www.jcp.org/jcr/1.0" xmlns:nt="http://www.jcp.org/jcr/nt/1.0"
    jcr:primaryType="nt:unstructured"
    jcr:title="dialog"
    sling:resourceType="cq/gui/components/authoring/dialog">
    <content
        jcr:primaryType="nt:unstructured"
        sling:resourceType="granite/ui/components/foundation/container">
        <layout
            jcr:primaryType="nt:unstructured"
            sling:resourceType="granite/ui/components/foundation/layouts/tabs"
            type="nav"/>
        <items jcr:primaryType="nt:unstructured">
            <configuration
                jcr:primaryType="nt:unstructured"
                jcr:title="Video Component Config"
                sling:resourceType="granite/ui/components/foundation/container">
                <layout
                    jcr:primaryType="nt:unstructured"
                    sling:resourceType="granite/ui/components/foundation/layouts/fixedcolumns"/>
                <items jcr:primaryType="nt:unstructured">
                    <columns
                        jcr:primaryType="nt:unstructured"
                        sling:resourceType="granite/ui/components/foundation/container">
                        <items jcr:primaryType="nt:unstructured">
                            <videotype
                                jcr:primaryType="nt:unstructured"
                                sling:resourceType="granite/ui/components/foundation/form/select"
                                class="cq-dialog-dropdown-showhide"
                                cq-dialog-dropdown-showhide-target=".list-option-listfrom-showhide-target"
                                fieldLabel="Video Type"
                                name="./videotype"
                                required="{Boolean}true">
                                <items jcr:primaryType="nt:unstructured">
                                    <upload
                                        jcr:primaryType="nt:unstructured"
                                        text="Upload"
                                        value="upload"/>
                                    <emmi
                                        jcr:primaryType="nt:unstructured"
                                        text="Emmi"
                                        value="emmi"/>
                                </items>
                            </videotype>
                            <emmifields
                                jcr:primaryType="nt:unstructured"
                                sling:resourceType="granite/ui/components/foundation/container"
                                class="hide list-option-listfrom-showhide-target"
                                showhidetargetvalue="emmi">
                                <items jcr:primaryType="nt:unstructured">
                                    <video
                                        jcr:primaryType="nt:unstructured"
                                        sling:resourceType="granite/ui/components/foundation/form/pathbrowser"
                                        fieldLabel="Video Path*"
                                        name="./videoPathEmmi"
                                        required="{Boolean}true"/>
                                    <videoid
                                        jcr:primaryType="nt:unstructured"
                                        sling:resourceType="granite/ui/components/foundation/form/textfield"
                                        fieldLabel="Video Id"
                                        name="./videoid"/>
                                </items>
                            </emmifields>
                            <uploadfields
                                jcr:primaryType="nt:unstructured"
                                sling:resourceType="granite/ui/components/foundation/container"
                                class="hide list-option-listfrom-showhide-target"
                                required="{Boolean}true"
                                showhidetargetvalue="upload">
                                <items jcr:primaryType="nt:unstructured">
                                    <video
                                        jcr:primaryType="nt:unstructured"
                                        sling:resourceType="granite/ui/components/foundation/form/pathbrowser"
                                        fieldLabel="Video Path*"
                                        name="./videoPathUpload"
                                        validation="txt-validate"/>
                                </items>
                            </uploadfields>
                        </items>
                    </columns>
                </items>
            </configuration>
        </items>
    </content>
</jcr:root>
