<?xml version="1.0" encoding="UTF-8"?>
<jcr:root xmlns:sling="http://sling.apache.org/jcr/sling/1.0" xmlns:cq="http://www.day.com/jcr/cq/1.0" xmlns:jcr="http://www.jcp.org/jcr/1.0" xmlns:nt="http://www.jcp.org/jcr/nt/1.0" xmlns:rep="internal"
    jcr:mixinTypes="[rep:AccessControllable]"
    jcr:primaryType="cq:Page">
    <wcm jcr:primaryType="nt:unstructured">
        <foundation jcr:primaryType="nt:unstructured">
            <components jcr:primaryType="nt:unstructured">
                <responsivegrid jcr:primaryType="nt:unstructured">
                    <content-default
                        jcr:description="Policy for editable layout containers"
                        jcr:primaryType="nt:unstructured"
                        jcr:title="dgtl-content Default"
                        sling:resourceType="wcm/core/components/policy/policy"
                        components="[group:Digital content,/apps/dgtl-content/components/form/container]"
                        policyResourceType="wcm/foundation/components/responsivegrid">
                        <cq:authoring jcr:primaryType="nt:unstructured">
                            <assetToComponentMapping jcr:primaryType="nt:unstructured">
                                <image
                                    jcr:primaryType="nt:unstructured"
                                    assetGroup="media"
                                    assetMimetype="image/*"
                                    droptarget="image"
                                    resourceType="dgtl-content/components/content/image"
                                    type="Images"/>
                            </assetToComponentMapping>
                        </cq:authoring>
                        <jcr:content
                            jcr:primaryType="nt:unstructured"
                            mergeList="{Boolean}true"/>
                    </content-default>
                    <policy_244151284250516
                        jcr:lastModified="{Date}2019-08-01T14:06:56.315-04:00"
                        jcr:lastModifiedBy="admin"
                        jcr:primaryType="nt:unstructured"
                        jcr:title="RevealCard"
                        sling:resourceType="wcm/core/components/policy/policy"
                        components="/apps/dgtl-content/components/content/revealcard">
                        <jcr:content jcr:primaryType="nt:unstructured"/>
                    </policy_244151284250516>
                    <policy_198000494008300
                        jcr:lastModified="{Date}2020-02-02T12:46:54.396+05:30"
                        jcr:lastModifiedBy="admin"
                        jcr:primaryType="nt:unstructured"
                        jcr:title="Activity"
                        sling:resourceType="wcm/core/components/policy/policy"
                        components="[group:Digital content]">
                        <jcr:content
                            cq:lastReplicated="{Date}2020-02-02T12:21:06.221+05:30"
                            cq:lastReplicatedBy="admin"
                            cq:lastReplicationAction="Activate"
                            jcr:mixinTypes="[cq:ReplicationStatus]"
                            jcr:primaryType="nt:unstructured"/>
                    </policy_198000494008300>
                </responsivegrid>
            </components>
        </foundation>
    </wcm>
    <dgtl-content jcr:primaryType="nt:unstructured">
        <components jcr:primaryType="nt:unstructured">
            <form jcr:primaryType="nt:unstructured">
                <container jcr:primaryType="nt:unstructured">
                    <form-container
                        jcr:primaryType="nt:unstructured"
                        jcr:title="dgtl-content Form"
                        sling:resourceType="wcm/core/components/policy/policy"
                        components="[/apps/dgtl-content/components/form/button,/apps/dgtl-content/components/form/hidden,/apps/dgtl-content/components/form/options,/apps/dgtl-content/components/form/text]">
                        <jcr:content jcr:primaryType="nt:unstructured"/>
                    </form-container>
                </container>
            </form>
            <structure jcr:primaryType="nt:unstructured">
                <xfpagewidget jcr:primaryType="nt:unstructured"/>
            </structure>
        </components>
    </dgtl-content>
    <policy_1580627281621
        jcr:lastModified="{Date}2020-02-02T12:38:31.193+05:30"
        jcr:lastModifiedBy="admin"
        jcr:primaryType="nt:unstructured"
        jcr:title="Right Activity"
        sling:resourceType="wcm/core/components/policy/policy"
        components="group:Digital content">
        <jcr:content
            cq:lastReplicated="{Date}2020-02-02T12:45:13.936+05:30"
            cq:lastReplicatedBy="admin"
            cq:lastReplicationAction="Activate"
            jcr:mixinTypes="[cq:ReplicationStatus]"
            jcr:primaryType="nt:unstructured"/>
    </policy_1580627281621>
    <policy_1580628464095
        jcr:lastModified="{Date}2020-02-02T12:58:11.158+05:30"
        jcr:lastModifiedBy="admin"
        jcr:primaryType="nt:unstructured"
        jcr:title="Activity Completion Tab"
        sling:resourceType="wcm/core/components/policy/policy"
        components="/apps/dgtl-content/components/content/activitycompletion">
        <jcr:content jcr:primaryType="nt:unstructured"/>
    </policy_1580628464095>
    <policy_1580662079907
        jcr:lastModified="{Date}2020-02-02T22:18:13.817+05:30"
        jcr:lastModifiedBy="admin"
        jcr:primaryType="nt:unstructured"
        jcr:title="Claim Rewards"
        sling:resourceType="wcm/core/components/policy/policy"
        components="/apps/dgtl-content/components/content/claimrewards">
        <jcr:content jcr:primaryType="nt:unstructured"/>
    </policy_1580662079907>
    <policy_1580662559217
        jcr:lastModified="{Date}2020-02-02T22:26:24.303+05:30"
        jcr:lastModifiedBy="admin"
        jcr:primaryType="nt:unstructured"
        jcr:title="Claim Rewards"
        sling:resourceType="wcm/core/components/policy/policy"
        components="/apps/dgtl-content/components/content/claimrewards">
        <jcr:content jcr:primaryType="nt:unstructured"/>
    </policy_1580662559217>
</jcr:root>
